"hashtags","freq"
"#tamirrice",950
"#ericgarner",147
"#mikebrown",105
"#ferguson",71
"#johncrawford",62
"#blacklivesmatter",58
"#michaelbrown",40
"#trayvonmartin",37
"#icantbreathe",36
"#akaigurley",24
"#cleveland",23
"#freddiegray",22
"#sandrabland",22
"#walterscott",18
"#samdubose",18
"#kajiemepowell",17
"#brelotrial",16
"#darrienhunt",14
"#vonderritmyers",13
"#rekiaboyd",12
"#shutitdown",11
"#aiyanajones",10
"#taneshaanderson",10
"#ohio",9
"#tanishaanderson",8
"#stolenlives",8
"#gunsense",8
"#oscargrant",7
"#askacop",7
"#crimingwhilewhite",6
"#opencarry",6
"#ezellford",5
"#tonyrobinson",5
"#dylannroof",5
"#ericharris",4
"#andylopez",4
"#joshduggar",4
"#seanbell",4
"#kellythomas",4
"#every28hours",4
"#thisstopstoday",4
"#handsupdontshoot",4
"#justiceorelse",3
"#myahall",3
"#baltimore",3
"#kendrickjohnson",3
"#aiyannajones",3
"#gopdebate",3
"#ramarleygraham",3
"#nojusticenopeace",3
"#baltimoreuprising",3
"#ftp",3
"#justice4all",3
"#nra",3
"#rip",3
"#fergusondecision",3
"#emmetttill",2
"#mckinney",2
"#jonathansanders",2
"#farrakhan",2
"#jeramereid",2
"#bundyranch",2
"#cecilthelion",2
"#timothyloehmann",2
"#aiyanastanleyjones",2
"#racheldolezal",2
"#kaliefbrowder",2
"#incart_maj",2
"#whiteprivilege",2
"#occupy4tamir",2
"#blackspring",2
"#otisbyrd",2
"#love",2
"#optamirrice",2
"#terrencekellum",2
"#dontrehamilton",2
"#ericgardner",2
"#brandontatebrown",2
"#meaganhockaday",2
"#rumainbrisbon",2
"#antoniomartin",2
"#polizei",2
"#darrenwilson",2
"#nyc",2
"#ac360",2
"#ebola",2
"#itendstoday",2
"#usa",2
"#amadoudiallo",2
"#racism",2
"#thanksgiving",2
"#indictamerica",2
"#ferguson2cleveland",2
"#notonemore",2
"#itdoesntmatter",1
"#martesejohnson",1
"#samueldubose",1
"#coplogic",1
"#jeremymcdole",1
"#blm",1
"#extrajudicialexecution",1
"#istandwithahmed",1
"#tommyyancy",1
"#ramonburnett",1
"#alidawabsheh",1
"#mohammadabukhdeir",1
"#mohhammadaldorra",1
"#jordandavis",1
"#emmetttillproject",1
"#christiantaylor",1
"#nevergiveuphope",1
"#whichemergency",1
"#fergusontaughtme",1
"#askkasich",1
"#debatequestionswewanttohear",1
"#kindrachapman",1
"#priorities",1
"#sandybland",1
"#monroebird",1
"#renishamcbride",1
"#renikaboyd",1
"#thaddeusmccarroll",1
"#cedricbartee",1
"#kathrynjohnston",1
"#johnathanferrell",1
"#monroebirdiii",1
"#ralkinajones",1
"#miriamcarey",1
"#youmightbearacist",1
"#charlestonshooting",1
"#charelstonshooting",1
"#foxnews",1
"#gop",1
"#dajerriabecton",1
"#sayhername",1
"#infuriating",1
"#dallaspdshooting",1
"#dallaspd",1
"#probablecause",1
"#cop",1
"#4ldqpgc",1
"#duggarinterview",1
"#mustread",1
"#ebony",1
"#nehemiahfischer",1
"#phxmosque",1
"#murica",1
"#tamirricewasmurdered",1
"#twinpeaksshooting",1
"#samariarice",1
"#baltimorenyc",1
"#blacktwitter",1
"#conversationsinacafe",1
"#natashamckenna",1
"#worldwide",1
"#tajai",1
"#phillipwhite",1
"#justicefortamir",1
"#marilynmosby",1
"#neverforget",1
"#justicefortamirrice",1
"#riptamirrice",1
"#tonimorrison",1
"#justushowell",1
"#balitmoreriots",1
"#tedtalk",1
"#jasonharrison",1
"#fuckthepolice",1
"#camerontillman",1
"#howmanymorehashtags",1
"#lavallhall",1
"#kajieme",1
"#whywemarch",1
"#reproductivejustice",1
"#oh",1
"#notjustsae",1
"#levipettit",1
"#parkerrice",1
"#sae",1
"#kevinquick",1
"#unarmed",1
"#black",1
"#diallo",1
"#lapdshooting",1
"#fergusonspring",1
"#shutdowna14",1
"#doj",1
"#themadness",1
"#sd15",1
"#nerdland",1
"#stolenchildren",1
"#ny",1
"#plottin",1
"#incart_m",1
"#eric",1
"#revolution",1
"#onebillionrising",1
"#yvettehenderson",1
"#ladariuswilliams",1
"#selmamovie",1
"#doublestandards",1
"#blmdetroit",1
"#detroit",1
"#mlk",1
"#thenewyorker",1
"#fightback",1
"#pointblankperiod",1
"#whywefight",1
"#merryxmas",1
"#victorwhite",1
"#chaviscarter",1
"#livesmatter",1
"#gibson",1
"#baxter",1
"#nypd",1
"#activism",1
"#crimingwhilecop",1
"#guswsc5jm3lgqxrl",1
"#wenjianliu",1
"#rafaelramos",1
"#solidarity",1
"#protestors",1
"#fergusonnbeyond",1
"#tim",1
"#rt",1
"#share",1
"#tribut",1
"#cle",1
"#browns",1
"#wkyc",1
"#allin",1
"#andrewhawkins",1
"#oatw",1
"#seattle",1
"#dcferguson",1
"#blacklivesmatterto",1
"#marchonwashington",1
"#injustice",1
"#wecantbreathe",1
"#amadoudialo",1
"#wecantbreath",1
"#justiceforallmarch",1
"#tray",1
"#outfront",1
"#alllivesmatter",1
"#universityofmiami",1
"#studyin",1
"#umich",1
"#wku",1
"#enoughisenough",1
"#ky",1
"#breakingtheset",1
"#torturereport",1
"#testify",1
"#wethepeople",1
"#powermoves",1
"#grabagun",1
"#cbus2ferguson",1
"#legalizedlynching",1
"#shawshooting",1
"#kajimepowell",1
"#mord",1
"#mauerfall",1
"#kimking",1
"#repost",1
"#ouryjalloh",1
"#nsu",1
"#humans",1
"#inners",1
"#blacklives",1
"#ustired2",1
"#ayotzinapa",1
"#yamecanse",1
"#fergusoniseverywhere",1
"#livingwhileblack",1
"#ericgarnergrandjury",1
"#ronaldmadison",1
"#jamesbrissette",1
"#tears",1
"#justiceforall",1
"#protesters",1
"#latino",1
"#justice",1
"#whosnext",1
"#autumnstatement",1
"#as2014",1
"#handsupfightback",1
"#allblackeverything",1
"#michealbrown",1
"#newjimcrow",1
"#rage",1
"#blackfriday",1
"#citizenradio",1
"#amerikkka",1
"#uniteblue",1
"#rw",1
"#postfergusonamerica",1
"#whereisjustice",1
"#htgawm",1
"#p2",1
"#weprotest",1
"#opanonverdict",1
"#indicttimothyloehmann",1
"#12yrsold",1
"#palconf14",1
"#comics",1
"#brownfriday",1
"#trayvon",1
"#parentingainteasy",1
"#momfessions",1
"#opec",1
"#polizeigewalt",1
"#nowplaying",1
"#mikebrownverdict",1
"#filmthepolic",1
"#breaking",1
"#not1more",1
"#toomanynames",1
"#bandaid30",1
"#klimawandel",1
"#fixthepolice",1
"#shaw",1
"#dilliontaylor",1
"#preserveblackchildhood",1
"#opencarryiswhitesonly",1
"#riptamir",1
